item,price
Sony MDRZX310 Foldable Headphones - Metallic Black,£14.99
"Betron B25 Noise Isolating in Ear Canal Headphones Earphones with Pure Sound and Powerful Bass for iPhone, iPad, iPod, Samsung Smartphones and Tablets (Black)",£8.99
Sony MDRZX310L.AE  Foldable Headphones - Metallic Blue,£17.99
"Wireless Bluetooth Over Ear Stereo Foldable Headphones,Wireless and Wired Mode Headsets with Soft Memory-Protein Earmuffs,Built-in Mic for Mobile Phone PC Laptop(Rose)",£20.99
"Wireless Bluetooth Headphones Over Ear, Rydohi Hi-Fi Stereo Headset with Deep Bass, Foldable and Lightweight, Wired and Wireless Modes Built in Mic for Cell Phones, TV, PC and Traveling (Rose Gold)",£21.99
"Sephia SP3060 Noise Isolating in-ear Earphones Headphones, HEAVY DEEP BASS for iPhone, iPad, iPod, Samsung Smartphones and Tablets (Without Volume Control)",£7.99
Sony MDRZX310W.AE Foldable Headphones - Metallic White,£17.35
Sony WH-CH500 Wireless Bluetooth NFC On-Ear Headphones with 20 hours Battery Life - Black,£36.80
Sony MDR-ZX310 Foldable Headphones - Metallic Red,£16.70
"Bluetooth Headphones, [Up to 20 Hrs] Mpow Wireless Over-Ear Foldable Hi-Fi Stereo Headset, Snug Earmuffs, Built-In Noise Cancelling Microphone for Hands-Free Calling, Wired Mode for TV/PC/Cell Phones",£26.99
Sony WH-CH700N Wireless Bluetooth Noise Cancelling Headphones - Black,£99.00
ENACFIRE E18 Bluetooth 5.0 Wireless Headphones 15H Playtime 3D Stereo Sound True Wireless Earphones Earbuds with Mic Grey,£39.99
"OneOdio Over Ear Headphones Closed Back Studio DJ Headphones for Monitoring, Adapter Free, Noise Isolating Wired Headsets(Glossy Finish)",£26.19
Bose SoundLink Around-Ear Wireless Headphones II - Black,£179.00
"Noise Cancelling Bluetooth Headphones, TaoTronics ANC Wireless Over Ear Headset with High Clarity Sound Powerful Bass, 30 Hour Playtime for Travel Work TV PC Cellphone",£59.99
"Mpow Wireless Headphones Bluetooth, Up to 9 Hrs Playing Time IPX7 Waterproof Running Headphones In-ear Earbuds for Gym Cycling Workout iPhone,iPad,Samsung, Siri with Built-in Noise Cancelling Mic",£18.29
"Bluetooth Headphones, TaoTronics Bluetooth 5.0 Wireless aptX Stereo Magnetic In-Ear Earbuds, Secure Fit for Sports, Gym, Travelling (IPX6 Waterproof, Built-in cVc 6.0 Noise Cancelling Mic)",£18.99
Beats EP On-Ear Headphones - Black,£79.99
Sony MDRZX110B.AE Headphones - Black,£9.99
Sony MDR-ZX330BT Bluetooth Wireless Headphones with NFC Connectivity - Black,£49.00
JVC Foldable Lightweight Powerful Bass Over-Ear Headphones - Black,£11.49
Sony WH-H800 h.ear Series Wireless On-Ear High Resolution Headphones with 24 Hours Battery Life - Black,£9.99
"GEJIN Wireless Bluetooth Headphones,Bluetooth 4.1 Waterproof Sports Earphones,Noise Cancelling Earbuds-White",£9.99
